CODIGO SUS;PROCEDIMENTO;VALOR UNIT
0202010023;DETERMINACAO DE CAPACIDADE DE FIXACAO DO FERRO;2,01
0202010040;DETERMINACAO DE CURVA GLICEMICA (2DOSAGENS);3,63
0202010120;DOSAGEM DE ACIDO URICO;1,85
0202010180;DOSAGEM DE AMILASE;2,25
0202010201;DOSAGEM DE BILIRRUBINA TOTAL E FRACOES;2,01
0202010210;DOSAGEM DE CALCIO;1,85
0202010228;DOSAGEM DE CALCIO IONIZAVEL;3,51
0202010279;DOSAGEM DE COLESTERO LHDL;3,51
0202010287;DOSAGEM DE COLESTEROL LDL;3,51
0202010295;DOSAGEM DE COLESTEROL TOTAL;1,85
0202010317;DOSAGEM DE CREATININA;1,85
0202010325;DOSAGEM DE CREATINOFOSFOQUINASE (CPK);3,68
0202010384;DOSAGEM DE FERRITINA;15,59
0202010392;DOSAGEM DE FERRO SERICO;3,51
0202010430;DOSAGEM DE FOSFORO;1,85
0202010465;DOSAGEM DE GAMA-GLUTAMIL-TRANSFERASE (GAMAGT);3,51
0202010473;DOSAGEM DE GLICOSE;1,85
0202010503;DOSAGEM DE HEMOGLOBINA GLICOSILADA;7,86
0202010538;DOSAGEM DE LACTATO;3,68
0202010554;DOSAGEM DE LIPASE;2,25
0202010562;DOSAGEM DE MAGNESIO;2,01
0202010600;DOSAGEM DE POTASSIO;1,85
0202010619;DOSAGEM DE PROTEINAS TOTAIS;1,40
0202010627;DOSAGEM DE PROTEINAS TOTAIS E FRACOES;1,85
0202010635;DOSAGEM DE SODIO;1,85
0202010643;DOSAGEM DE TRANSAMINASE GLUTAMICO-OXALACETICA (TGO);2,01
0202010651;DOSAGEM DE TRANSAMINASE GLUTAMICO-PIRUVICA(TGP);2,01
0202010660;DOSAGEM DE TRANSFERRINA;4,12
0202010678;DOSAGEM DE TRIGLICERIDEOS;3,51
0202010694;DOSAGEM DE UREIA;1,85
0202010708;DOSAGEM DE VITAMINAB12;15,24
0202010767;DOSAGEM DE 25 HIDROXIVITAMINA D;15,24
0202020070;DETERMINACAO DE TEMPO DE COAGULACAO;2,73
0202020096;DETERMINACAO DE TEMPO DE SANGRAMENTO-DUKE;2,73
0202020100;DETERMINACAO DE TEMPO DE SANGRAMENTO DE IVY;9,00
0202020126;DETERMINACAO DE TEMPO DE TROMBINA -TP;2,85
0202020134;DETERMINACAO DE TEMPO DE TROMBOPLASTINAPARCIAL ATIVADA(TTPATIVADA);5,77
0202020142;DETERMINACAO DE TEMPO E ATIVIDADE DA PROTROMBINA (TAP);2,73
0202020150;DETERMINACAO DE VELOCIDADE DE HEMOSSEDIMENTACAO (VHS);2,73
0202020355;ELETROFORESE DE HEMOGLOBINA;5,41
0202020380;HEMOGRAMA COMPLETO;4,11
0202020509;PROVA DO LACO;2,73
0202030075;DETERMINACAO DE FATOR REUMATOIDE;2,83
0202030083;DETERMINACAO QUANTITATIVA DE PROTEINA CREATIVA;9,25
0202030105;DOSAGEMDE ANTIGENO PROSTATICO ESPECIFICO(PSA);16,42
0202030121;DOSAGEM DE COMPLEMENTO C3;17,16
0202030130;DOSAGEM DE COMPLEMENTO C4;17,16
0202030156;DOSAGEM DE IMUNOGLOBULINA A (IGA);17,16
0202030164;DOSAGEM DE IMUNOGLOBULINA E (IGE);9,25
0202030180;DOSAGEM DE IMUNOGLOBULINA M (IGM);17,16
0202030202;DOSAGEM DE PROTEINA CREATIVA;2,83
0202030270;PESQUISA DE ANTICORPOS ANTI-DNA;8,67
0202030288;PESQUISA DE ANTICORPOS ANTI-HELICOBACTER PYLORI;17,16
0202030300;PESQUISA DE ANTICORPOS ANTI-HIV-1 +HIV-2 (ELISA);10,00
0202030318;PESQUISA DE ANTICORPOS ANTI-HTLV-1+HTLV-2;18,55
0202030636;PESQUISA DE ANTICORPOS CONTRA ANTIGENO DE SUPERFICIE DO VIRUS DA HEPATITE B (ANTI-HBS);18,55
0202030644;PESQUISA DE ANTICORPOS CONTRA ANTIGENO E DO VIRUS DA HEPATITE B(ANTI-HBE);18,55
0202030679;PESQUISA DE ANTICORPOS CONTRA O VIRUS DA HEPATITE C (ANTI-HCV);18,55
0202030784;PESQUISA DE ANTICORPOS IGG CONTRA ANTIGENO CENTRAL DO VIRUS DA HEPATITEB (ANTI-HBC-IGG);18,55
0202030792;PESQUISA DE ANTICORPOS IGG CONTRA ARBOVIRUS (DENGUE E FEBRE AMARELA);30,00
0202030806;PESQUISA DE ANTICORPOS IGG CONTRA O VIRUS DA HEPATITE A(HAV-IGG);18,55
0202030814;PESQUISA DE ANTICORPOS IGG CONTRA O VIRUS DA RUBEOLA;17,16
0202030822;PESQUISA DE ANTICORPOS IGG CONTRA O VIRUS DA VARICELA-HERPES ZOSTER;17,16
0202030849;PESQUISA DE ANTICORPOS IGG CONTRA O VIRUS HERPES SIMPLES;17,16
0202030857;PESQUISA DE ANTICORPOS IGM ANTI CITOMEGALOVIRUS;11,61
0202030873;PESQUISA DE ANTICORPOS IGM ANTI TOXOPLASMA;18,55
0202030890;PESQUISA DE ANTICORPOS IGM CONTRA ANTIGENO CENTRAL DO VIRUS DA HEPATITE B (ANTI-HBC-IGM);18,55
0202030903;PESQUISA DE ANTICORPOS IGM CONTRA ARBOVIRUS (DENGUE E FEBREAMARELA);20,00
0202030911;PESQUISA DE ANTICORPOS IGM CONTRA O VIRUS DA HEPATITEA(HAV-IGG);18,55
0202030920;PESQUISA DE ANTICORPOS IGM CONTRA O VIRUS DA RUBEOLA;17,16
0202030938;PESQUISA DE ANTICORPOS IGM CONTRA O VIRUS DA VARICELA-HERPES ZOSTER;17,16
0202030954;PESQUISA DE ANTICORPOS IGM CONTRA O VIRUS HERPES SIMPLES;17,16
0202030962;PESQUISA DE ANTIGENO CARCINO EMBRIONARIO (CEA);13,35
0202030970;PESQUISA DE ANTIGENO DE SUPERFICIE DO VIRUS DA HEPATITE B(HBSAG);18,55
0202030989;PESQUISA DE ANTIGENO E DO VIRUS DA HEPATITE B(HBEAG);18,55
0202031101;REACAO DE MONTENEGRO ID;2,83
0202031110;TESTE DE VDRLP/DETECÇÃO DE SIFILIS;2,83
0202031128;TESTE FTA-ABSIGGP/DIAGNOSTICO DA SIFILIS;10,00
0202031136;TESTEFTA-ABSIGMP/DIAGNOSTICO DA SIFILIS;10,00
0202031179;VDRLP/DETECCAO DE SIFILIS EM GESTANTE;2,83
0202031195;DOSAGEM DA FRAÇÃO C1Q DO COMPLEMENTO;17,16
0202031209;DOSAGEM DE TROPONINA;9,00
0202040054;PESQUISA DE ENTEROBIUS VERMICULARES (OXIURUS OXIURA);1,65
0202040089;PESQUISA DE LARVAS NAS FEZES;1,65
0202040097;PESQUISA DE LEUCOCITOS NAS FEZES;1,65
0202040143;PESQUISA DE SANGUE OCULTO NAS FEZES;1,65
0202040178;PESQUISA DE TROFOZOITAS NAS FEZES;1,65
0202050017;ANALISE DE CARACTERES FISICOS, ELEMENTOS E SEDIMENTO DA URINA;3,70
0202050025;CLEARANCE DE CREATININA;3,51
0202050033;CLEARANCE DE FOSFATO;3,51
0202050041;CLEARANCE DE UREIA;3,51
0202050092;DOSAGEM DE MICROALBUMINANA URINA;8,12
0202050106;DOSAGEM DE OXALATO;3,68
0202050114;DOSAGEM DE PROTEINAS (URINA DE 24 HORAS) - PROTEINÚRIA;2,04
0202060012;DETERMINACAO DE INDICE DE TIROXINA LIVRE;12,54
0202060020;DETERMINACAO DE RETENCAO DE T3;12,54
0202060039;DETERMINACAO DE T3 REVERSO;14,69
0202060136;DOSAGEM DE CORTISOL;9,86
0202060152;DOSAGEM DE DIHIDROTESTOTERONA (DHT);11,71
0202060160;DOSAGEM DE ESTRADIOL;10,15
0202060217;DOSAGEM DE GONADOTROFINA CORIONICA HUMANA(HCG, BETAHCG);7,85
0202060233;DOSAGEM DE HORMONIO FOLICULO-ESTIMULANTE (FSH);7,89
0202060241;DOSAGEM DE HORMONIO LUTEINIZANTE (LH);8,97
0202060250;DOSAGEM DE HORMONIOTIREOESTIMULANTE(TSH);8,96
0202060268;DOSAGEM DE INSULINA;10,17
0202060284;DOSAGEM DE PEPTIDEOC;15,35
0202060292;DOSAGEM DE PROGESTERONA;10,22
0202060306;DOSAGEM DE PROLACTINA;10,15
0202060349;DOSAGEM DE TESTOSTERONA;10,43
0202060357;DOSAGEM DE TESTOSTERONA LIVRE;13,11
0202060373;DOSAGEM DE TIROXINA (T4);8,76
0202060381;DOSAGEM DE TIROXINA LIVRE (T4LIVRE);11,60
0202060390;DOSAGEM DE TRIIODOTIRONINA(T3);8,71
0202070352;DOSAGEM DEZINCO;15,65
0202080013;ANTIBIOGRAMA;4,98
0202080048;BACILOSCOPIADIRETA P/ BAAR TUBERCULOSE (DIAGNÓSTICA);4,20
0202080056;BACILOS COPIA DIRETA P/BAAR (HANSENIASE);4,20
0202080102;CULTURA P/ HERPES VIRUS;4,33
0202080110;CULTURA PARA BAAR;5,63
0202080153;HEMOCULTURA;11,49
0202080218;PESQUISA DE HELICOBACTER PYLORI;4,33
0202090035;CITOLOGIA P/ CLAMIDIA;4,33
0202090043;CITOLOGIA P/HERPES VIRUS;4,33
0202120023;DETERMINACAO DIRETA E REVERSA DE GRUPO ABO;1,37
0202120082;PESQUISA DE FATOR RH(INCLUIDFRACO);1,37
0202120090;TESTE INDIRETO DE ANTIGLOBULINA HUMANA (TIA);2,73
